id,engine,search,manual
m01,0,1,1
m02,0,1,1
m03,0,1,1
m04,0,1,1
m05,0,1,1
m06,0,1,0
m07,0,1,0
m08,0,1,0
m09,0,1,0
m10,0,1,0
m11,0,1,0
m12,0,1,0
m13,0,1,0
m14,0,1,0
m15,0,1,0
m16,0,1,0
m17,0,1,0
m18,0,1,0
m19,0,1,0
m20,0,1,0
m21,0,1,0
m22,0,1,0
m23,0,1,0
m24,0,1,0
m25,0,1,0
m26,0,1,0
m27,0,1,0
m28,0,1,0
m29,0,1,0
m30,0,1,0
m31,0,1,0
m32,0,1,0
m33,0,1,0
m34,0,1,0
m35,0,1,0
m36,0,1,0
m37,0,1,0
m38,0,1,0
m39,0,1,0
m40,0,1,0
m41,0,1,0
m42,0,1,0
m43,0,1,0
m44,0,1,0
m45,0,1,0
m46,0,0,1
m47,0,0,1
m48,0,0,1
m49,0,0,1
m50,0,0,1
m51,0,0,1
m52,0,0,0
m53,0,0,0
m54,0,0,0
m55,0,0,0
m56,0,0,0
m57,0,0,0
m58,0,0,0
m59,0,0,0
m60,0,0,0
