id,labelled,notable,judge_a,judge_b
c01,1,0,KNOWN,KNOWN
c02,1,0,UNKNOWN,UNKNOWN
c03,1,1,KNOWN,UNKNOWN
c04,1,0,UNKNOWN,UNKNOWN
c05,1,0,UNKNOWN,UNKNOWN
c06,1,0,UNKNOWN,UNKNOWN
c07,1,0,KNOWN,KNOWN
c08,1,0,UNKNOWN,UNKNOWN
c09,1,0,UNKNOWN,UNKNOWN
c10,1,0,UNKNOWN,UNKNOWN
c11,1,1,UNKNOWN,UNKNOWN
c12,1,0,UNKNOWN,KNOWN
c13,1,0,UNKNOWN,UNKNOWN
c14,1,0,UNKNOWN,UNKNOWN
c15,1,0,KNOWN,UNKNOWN
c16,1,0,UNKNOWN,UNKNOWN
c17,1,0,UNKNOWN,UNKNOWN
c18,1,0,UNKNOWN,UNKNOWN
c19,1,0,UNKNOWN,KNOWN
c20,1,0,UNKNOWN,UNKNOWN
