split,y,score,year,has_pricing,log_chars
train,0,,2014,1,6.53
train,0,,2015,1,7.88
train,1,,2016,1,7.78
train,1,,2014,1,6.24
train,0,,2015,1,8.89
train,0,,2016,1,8.2
train,0,,2014,0,7.39
train,0,,2015,1,9.0
train,0,,2016,1,6.41
train,0,,2014,0,6.63
train,0,,2015,0,7.3
train,0,,2016,1,6.21
train,1,,2014,0,7.5
train,1,,2015,0,7.59
train,1,,2016,0,8.45
train,0,,2014,0,7.84
train,0,,2015,0,7.01
train,0,,2016,1,7.46
train,1,,2014,1,7.71
train,0,,2015,0,8.68
train,0,,2016,0,7.1
train,0,,2014,0,8.03
train,0,,2015,0,9.31
train,0,,2016,0,6.21
train,0,,2014,0,9.48
train,0,,2015,1,7.35
train,0,,2016,1,7.62
train,0,,2014,1,6.21
train,0,,2015,1,6.87
train,0,,2016,0,6.28
train,0,,2014,1,9.09
train,0,,2015,0,6.97
train,0,,2016,1,9.09
train,0,,2014,1,6.62
train,0,,2015,1,7.7
train,0,,2016,1,6.01
train,0,,2014,1,7.98
train,0,,2015,0,7.8
train,0,,2016,0,6.19
train,0,,2014,0,9.06
train,1,,2015,1,7.4
train,1,,2016,0,6.22
train,0,,2014,1,6.57
train,1,,2015,1,6.0
train,1,,2016,1,7.27
train,1,,2014,0,8.15
train,0,,2015,1,7.22
train,0,,2016,1,8.97
train,1,,2014,1,7.69
train,0,,2015,1,7.2
train,1,,2016,0,6.57
train,1,,2014,0,7.85
train,0,,2015,1,6.09
train,0,,2016,0,9.02
test,0,0.57,2017,1,7.28
test,1,0.653,2018,0,7.15
test,0,0.876,2017,0,9.45
test,0,0.592,2018,0,6.79
test,1,0.533,2017,1,6.1
test,0,0.891,2018,0,9.35
test,0,0.744,2017,0,9.46
test,0,0.614,2018,1,6.69
test,0,0.627,2017,0,9.15
test,0,0.822,2018,0,6.3
test,0,0.725,2017,0,8.74
test,0,0.81,2018,0,7.16
test,0,0.98,2017,0,7.39
test,1,0.487,2018,1,6.44
test,1,0.956,2017,0,8.82
test,0,0.502,2018,0,7.23
test,0,0.463,2017,1,6.05
test,0,0.681,2018,0,7.52
test,1,0.776,2017,0,6.74
test,0,0.886,2018,0,6.91
test,0,0.397,2017,1,9.19
test,0,0.841,2018,0,7.47
test,0,0.678,2017,1,7.86
test,0,0.565,2018,1,6.01
test,0,0.45,2017,1,7.66
test,0,0.513,2018,1,7.94
test,0,0.515,2017,1,7.96
test,0,0.753,2018,1,7.97
test,0,0.656,2017,0,7.55
test,0,0.795,2018,0,7.58
test,0,0.755,2017,1,9.3
test,0,0.349,2018,1,7.96
test,1,0.756,2017,0,6.48
test,0,0.567,2018,1,6.26
test,1,0.763,2017,0,9.14
test,0,0.378,2018,1,9.09
